TSM,C9,T8,WFX,TL,DIG,TIP,GV,CLG,CST,NME,TDK,IMT,NRG,FOX,REN,APX,NV,P1,FLY,SK,SHR,TPA,SSW,KT,OG,LGD,RNG,SSG,SPY,FW,WE,MSF,FNC,BJK,SKT,AHQ,EDG,GAM,G2,CJ,yoeFW,ESC,UOL,OPT
C9,TSM,GV,TL,CLG,T8,CST,DIG,WFX,TIP,NME,TDK,IMT,FOX,REN,NRG,P1,APX,NV,FLY,ALL,KBM,NWS,SSB,AHQ,IG,FNC,SKT,FW,IM,SSG,EDG,WE,GET,yoeFW,H2k,G2,UOL,GGS,100
T8,CLG,TSM,CST,TIP,C9,WFX,TL,DIG,GV,NME,TDK,COL,IMG
WFX,GV,CST,TSM,DIG,CLG,T8,TIP,C9,TL,TDK
TL,TIP,CLG,C9,TSM,CST,DIG,T8,GV,WFX,TDK,NME,REN,FOX,NRG,IMT,NV,P1,APX,FLY,GlA,DP,SSG,OPT,EUN,GCU,100,CG
DIG,CST,TIP,GV,WFX,TSM,TL,C9,T8,CLG,TDK,NME,NRG,REN,FOX,IMT,P1,FLY,NV,QG,FSN
TIP,TL,DIG,CLG,T8,GV,TSM,WFX,CST,C9,TDK,NME,FOX,IMT,REN,NRG,APX
GV,WFX,C9,DIG,CST,TIP,CLG,TSM,TL,T8,NME,TDK
CLG,T8,TL,TIP,C9,WFX,GV,CST,TSM,DIG,NME,TDK,FOX,REN,IMT,NRG,APX,NV,P1,FLY,FW,PNG,KOO,G2,ANX,ROX,RNG,SUP,SKT,UOL,JAG,OG,FNC,100,CA,CG,GGS
CST,DIG,WFX,T8,GV,TL,C9,CLG,TIP,TSM,EG,CG,PRO,CA,FSN,F5,NME
NME,GV,TSM,TL,TDK,T8,CLG,C9,TIP,DIG,NTR,FSN,CST
TDK,TL,GV,DIG,NME,TIP,TSM,CLG,T8,C9,WFX,REN,APX
IMT,C9,TIP,TSM,NRG,REN,FOX,CLG,TL,DIG,P1,NV,APX,FLY,LZ,FNC,GAM,JTM,SSG,KDM
NRG,DIG,REN,IMT,TL,TSM,TIP,C9,CLG,FOX,NV,APX,P1,C9C
FOX,TIP,C9,TL,CLG,IMT,TSM,DIG,REN,NRG,P1,APX,NV,FLY,CG,TLA
REN,TL,NRG,DIG,TIP,IMT,CLG,C9,TSM,FOX,TDK
APX,CLG,NRG,NV,TSM,P1,C9,TL,FOX,IMT,TIP,TDK
NV,NRG,TL,APX,P1,IMT,CLG,C9,TSM,FOX,FLY,DIG,HR,DF,EMP,ROX,VEG,VS,JST,GMB,ANX,JSA,VP,M19,GCU,EUN
P1,FOX,IMT,C9,NV,TL,APX,CLG,NRG,TSM,DIG,FLY,FNC,UOL,G2,GCU,EUN
FLY,NV,TL,CLG,FOX,DIG,IMT,P1,C9,TSM,GGS,OPT
SK,ROC,MYM,GMB,UOL,H2K,EL,CW,GIA,FNC,OG,TSM,TPA,SHR,yoeFW,GET,G2
SHR,TPA,TSM,SK,EDG,OMG,SSW
TPA,ahq,DoR,NGU,LOG,yoeFW,MSE,HKES,FW,LGS,AS,HKE,Mac,M17,CGE,XG,SHR,SK,TSM
SSW,EDG,AHQ,DP,TSM,SSB,SHR
KT,TSM,LGD,OG,KOO,OMG,AFs,MVP,SKT,bbq
OG,GIA,H2K,SK,CW,UOL,ROC,FNC,EL,GMB,VIT,G2,SPY,S04,MSF,LGD,TSM,KT,FW,SKT,CLG,RNG,MFA
LGD,OG,KT,TSM
RNG,TSM,SPY,SSG,SKT,FB,G2,FNC,CLG,SUP,FW,OG,ESC,ahq,kt,M17,MVP
SSG,JAG,GET,IM,kt,CJE,SKT,NJE,SBENU,KOO,ANC,LZ,SSB,NJF,EMF,AFs,ROX,CJ,KDM,MVP,ESC,bbq,EEW,SPY,TSM,RNG,C9,H2K,G2,FB,WE,VEG,IMT,TL,JT,EDG,Prime,Xenics
SPY,UOL,EL,VIT,ROC,GIA,FNC,H2K,G2,OG,S04,MSF,MM,NIP,SSG,RNG,TSM
FW,TPA,LGS,MSE,HKE,AS,ahq,Mac,M17,XG,CGE,TM,JT,WS,FB,RG,HKA,AHQ,CLG,KOO,PNG,OG,IM,C9,SKT,TSM,MSF,WE,G2,SUP,RNG,GAM,LZ,UOL,H2K,OMG,AFR
WE,MSF,TSM,FW,C9,SSG,G2,SKT,GAM,GMB,CJ,GET,JT
MSF,GIA,ROC,G2,FNC,SPY,VIT,UOL,OG,H2K,NIP,MM,WE,FW,TSM,SKT,S04
FNC,EL,H2K,ROC,GMB,UOL,GIA,MYM,CW,SK,OG,VIT,G2,SPY,S04,MSF,NIP,MM,LMQ,SSB,OMG,IG,AHQ,C9,EDG,KOO,GAM,IMT,LZ,RNG,TSM,SKT,BJK,QG,CLG,P1
BJK,BPI,NR1,HWA,A,ZONE,DP,TT,CREW,OHM,SUP,CLK,AUR,CRW,SKT,TSM,AHQ,EDG,FNC
SKT,CJE,GET,NJE,kt,IM,JAG,SSG,SSB,KOO,ANC,LZ,NJF,CJ,ROX,EMF,AFs,KDM,MVP,ESC,bbq,EEW,H2K,BKT,EDG,AHQ,OG,C9,FW,RNG,MSF,BJK,TSM,FNC,SUP,G2,CLG,GAM,WE,QG,KT,KZ
AHQ,JT,HKA,RG,M17,FW,DP,SSW,EDG,C9,FNC,IG,SKT,H2K,ITZ,BJK,TSM,kt
EDG,SSW,DP,AHQ,SHR,BKT,H2K,SKT,FNC,ITZ,ROX,ahq,C9,BJK,TSM,SSG,JT
GAM,FNC,LZ,IMT,TSM,SKT,G2,WE,FW,DW,RPG,SIN,LGC
G2,EL,ROC,GIA,H2K,FNC,UOL,OG,SPY,VIT,S04,MSF,NIP,MM,CLG,ROX,ANX,SSG,FB,RNG,FW,SKT,SUP,WE,GAM,TSM,KDM,C9,P1,TS,FAC,SK
CJ,SKT,ROX,SSB,JAG,LZ,AFs,SSG,kt,KDM,GMB,TSM,WE
yoeFW,NGU,MSE,LOG,HKES,DoR,TPA,SK,C9,TSM
ESC,CJE,JAG,ROX,LZ,MVP,AFs,kt,SSG,SKT,H2k,QG,TSM,RNG,SSB,SBK,KDM
UOL,GMB,EL,GIA,SK,FNC,CW,ROC,MYM,H2K,OG,SPY,G2,VIT,S04,MSF,MM,NIP,CLG,INTZ,TSM,FW,KDM,P1,C9,MIL
OPT,100,TL,TSM,FLY
ALL,C9,NWS,KBM
KBM,RED,PNG,VFK,g3x,OPK,ITZ,CNB,BGG,KST,REM,NWS,C9,ALL
NWS,KBM,ALL,C9,OMG
SSB,SKT,CJE,JAG,NJE,LZ,KOO,kt,ANC,SSG,NJF,CJ,EMF,AFs,ROX,KDM,OMG,FNC,LMQ,C9,SSW,EVR,ESC
IG,FNC,C9,AHQ
IM,GET,SSG,SKT,JAG,NJE,kt,CJE,FW,C9
GET,SKT,IM,SSG,JAG,CJE,kt,NJE,C9,SK,WE
H2k,C9,ESC
GGS,CG,C9,FLY,CLG
100,OPT,CLG,TL,C9
EG,CST
CG,GGS,FOX,CST,CLG,TL
PRO,FIS,CST
CA,CLG,COW,CST,FSN
FSN,NME,F5,CA,CST,DIG
F5,ZEN,CLB,FSN,CST
QG,DIG,FNC,ESC,SKT
GlA,TL,KDM
DP,A,ZONE,NR1,TT,BPI,BJK,HWA,CREW,OHM,AUR,SUP,CLK,CRW,GS,FB,GAL,P3P,AHQ,EDG,SSW,KDM,TL,RBE
EUN,TL,NV,GCU,P1
GCU,NV,TL,P1,EUN
PNG,ITZ,KBM,OPK,CNB,VFK,RED,g3x,BGG,KST,REM,TSW,PRG,ONE,KOO,CLG,FW
KOO,NJE,SSG,SKT,CJE,kt,JAG,SSB,ANC,LZ,NJF,PNG,FW,CLG,KT,FNC
ANX,EMP,VEG,JST,GMB,ROX,VS,NV,CLG,G2,H2K
ROX,CJ,kt,LZ,SKT,SSG,AFs,EMF,JAG,SSB,KDM,MVP,ESC,CJE,bbq,EEW,EMP,VS,NV,DF,VEG,HR,JST,ANX,GMB,JSA,VP,M19,G2,CLG,EDG,H2K
SUP,BJK,CLK,NR1,DP,TT,HWA,AUR,CRW,FB,GAL,GS,P3P,SKT,RNG,FW,CLG,G2,VP,VEG,VS,M19,YC
JAG,CJE,SSG,GET,NJE,IM,SKT,kt,Longzhu,ANC,SSB,KOO,LZ,NJF,EMF,AFs,CJ,ROX,KDM,ESC,MVP,bbq,EEW,CLG,KSV
COL,T8
IMG,T8
NTR,NME
LZ,NJE,kt,SSB,SKT,SSG,CJE,KOO,ANC,NJF,JAG,ROX,AFs,CJ,EMF,KDM,ESC,MVP,bbq,EEW,IMT,GAM,FNC,CHF,FW,DW
JTM,IMT,VEG
KDM,CJ,LZ,JAG,AFs,SSB,ROX,SKT,SSG,kt,bbq,MVP,DP,GlA,IMT,UOL,G2,CJE,ESC,EEW,KSV
C9C,NRG
TLA,FOX
HR,NV,VEG,JST,DF,VS,EMP,ROX
DF,VS,NV,VEG,HR,ROX,JST,EMP
EMP,VEG,ROX,NV,VS,JST,HR,DF,ANX,GMB
VEG,EMP,HR,DF,JST,NV,ROX,VS,ANX,GMB,VP,M19,JSA,SSG,JTM,AUR,SUP,FB,CRW
VS,DF,JST,ROX,EMP,HR,NV,VEG,GMB,ANX,M19,JSA,VP,CRW,FB,SUP,AUR
JST,VS,HR,VEG,EMP,DF,NV,ROX,GMB,ANX
GMB,UOL,ROC,SK,FNC,CW,H2K,GIA,EL,MYM,OG,JST,EMP,NV,ANX,VS,ROX,VEG,M19,JSA,VP,CJ,WE,SKP,MOU
JSA,M19,ROX,NV,VP,VS,GMB,VEG
VP,VEG,ROX,JSA,NV,M19,GMB,VS,SUP,AUR,FB,CRW
M19,JSA,GMB,VS,ROX,VEG,VP,NV,HKE,FB,CRW,AUR,SUP
EL,FNC,UOL,CW,ROC,MYM,SK,H2K,GMB,GIA,OG,G2,SPY,VIT
CW,H2K,GIA,EL,MYM,GMB,UOL,SK,FNC,ROC,OG
ROC,SK,GMB,FNC,EL,GIA,MYM,UOL,H2K,CW,OG,VIT,G2,SPY,S04,MSF,NIP,MM,CWA,HMA,MIL
MYM,GIA,SK,H2K,CW,EL,ROC,FNC,UOL,GMB
H2K,CW,FNC,MYM,GIA,SK,GMB,EL,ROC,UOL,OG,G2,VIT,SPY,S04,MSF,MM,NIP,SKT,EDG,BKT,AHQ,ITZ,ANX,SSG,HKE,ROX,FW,MC,FAC
GIA,MYM,CW,UOL,H2K,ROC,FNC,GMB,SK,EL,OG,G2,SPY,VIT,S04,MSF,ASC,MIL,RG,HMA,FNA,NIP
VIT,ROC,FNC,SPY,OG,H2K,GIA,EL,UOL,G2,S04,MSF,MM,NIP
S04,UOL,H2K,SPY,OG,FNC,ROC,G2,GIA,VIT,MSF,MM,NIP
NIP,FNC,MSF,G2,ROC,H2K,MM,UOL,VIT,SPY,GIA,S04
MM,H2K,UOL,SPY,VIT,FNC,NIP,G2,ROC,MSF,S04
LMQ,OMG,FNC,SSB
OMG,LMQ,SSB,FNC,NWS,SHR,MVP,M17,FW,KT
ASC,DFM,LGC,SIN,GIA
MIL,UOL,GIA,ROC
RG,M17,FB,HKA,FW,JT,ahq,WS,AHQ,SKP,DD,GIA,FAC,XG,TY
HMA,ROC,GIA
FNA,GIA,MFA
BKT,EDG,SKT,H2K
ITZ,PNG,RED,g3x,VFK,CNB,KBM,OPK,BGG,REM,KST,ONE,TSW,PRG,EDG,H2K,AHQ,VK
HKE,as,AS,ahq,Mac,FW,TPA,LGS,MSE,M17,CGE,XG,JT,TM,FB,WS,H2K,M19
MC,CF,H2K
FAC,TRC,G2,H2K,RG
CWA,ROC
SKP,GMB,RG
MOU,GMB
INTZ,UOL
MFA,OG,FNA
FB,M17,WS,JT,FW,ahq,HKE,XG,RG,HKA,GAL,AUR,SUP,GS,DP,HWA,CRW,CLK,P3P,RNG,G2,SSG,M19,VS,VEG,VP,RBE,AF,17A
TS,G2
CJE,JAG,SKT,NJE,kt,GET,SSG,IM,ANC,SSB,KOO,LZ,NJF,ESC,AFs,ROX,MVP,KDM,SBK,EEW,bbq
NJE,SKT,kt,CJE,JAG,IM,GET,SSG,ANC,KOO,LZ,SSB
kt,NJE,SKT,CJE,SSG,GET,IM,JAG,LZ,KOO,ANC,SSB,AFs,ROX,EMF,CJ,KDM,MVP,ESC,bbq,EEW,RNG,AHQ
ANC,NJE,CJE,JAG,Longzhu,SKT,kt,SSG,KOO,SSB,LZ,NJF,Winners
NJF,ANC,CJE,LZ,KOO,SSG,SSB,SKT,JAG
AFs,kt,SSG,JAG,SSB,LZ,ROX,CJ,EMF,SKT,KDM,CJE,ESC,MVP,bbq,EEW,KT,KZ,KSV
MVP,kt,ROX,SSG,ESC,SKT,JAG,CJE,LZ,AFs,bbq,KDM,EEW,OMG,M17,RNG,KT,KZ
SBK,ESC,CJE
EEW,AFs,MVP,JAG,SKT,bbq,SSG,LZ,kt,ROX,CJE,KDM
bbq,MVP,kt,JAG,KDM,LZ,SKT,AFs,ROX,SSG,EEW,CJE,KT
Longzhu,JAG,ANC,Winners
EMF,SSG,JAG,SSB,SKT,kt,LZ,ROX,AFs
KSV,KZ,JAG,AFs,KDM
KZ,KSV,AFs,SKT,MVP
SBENU,SSG
JT,M17,XG,HKE,TM,ahq,FW,MSE,FB,WS,HKA,RG,AHQ,SSG,EDG,WE,MAD
Prime,SSG,Xenics
Xenics,SSG,Prime
Winners,Longzhu,ANC
EVR,SSB
CHF,TRI,DW,AV,INF,HLN,SIN,LGC,TM,AE,X5,RGC,LZ
DW,INF,CHF,SIN,LGC,TRI,AV,HLN,AE,TM,X5,RGC,GAM,RPG,LZ
M17,ahq,AS,HKE,MSE,LGS,TPA,FW,XG,CGE,JT,TM,FB,WS,RG,HKA,AHQ,OMG,MVP,RNG
ahq,Crew,TPA,DLY,NGU,HKES,MSE,LOG,DoR,,Mac,HKE,AS,LGS,FW,M17,CGE,XG,TM,JT,WS,FB,HKA,RG,EDG,RNG
Crew,ahq,LOG
DLY,LOG,ahq
NGU,ahq,yoeFW,DoR,TPA,LOG,HKES,MSE
HKES,MSE,DoR,LOG,ahq,yoeFW,NGU,TPA
MSE,HKES,ahq,DoR,LOG,yoeFW,NGU,TPA,LGS,FW,Mac,AS,HKE,M17,XG,CGE,TM,JT
LOG,Crew,DLY,HKES,MSE,ahq,NGU,yoeFW,DoR,TPA
DoR,HKES,TPA,NGU,MSE,ahq,LOG,yoeFW
,ahq,
Mac,ahq,AS,HKE,MSE,LGS,TPA,FW
AS,HKE,Mac,ahq,TPA,FW,MSE,LGS,M17
LGS,MSE,FW,TPA,ahq,Mac,HKE,AS,M17
CGE,HKE,XG,TPA,FW,ahq,M17,MSE,FH
XG,MSE,CGE,FW,M17,TPA,ahq,HKE,JT,TM,WS,FB,TPB,WOR,RG,TY
TM,ahq,MSE,FW,M17,JT,XG,HKE,AV,CHF,SIN,LGC,DW,AE,HLN,X5,RGC,NH
WS,FB,FW,ahq,M17,JT,XG,HKE,HKA,RG,TY,17A,AF
HKA,JT,ahq,RG,FB,FW,WS,M17,AHQ
as,HKE
AFR,FW,GRX
FH,CGE
TPB,XG
WOR,XG
TY,WS,XG,RG
MAD,JT,GRX
AV,HLN,LGC,INF,CHF,SIN,TRI,DW,TM,AE,X5,RGC,BMR
SIN,LGC,TRI,DW,AV,CHF,INF,HLN,TM,AE,X5,RGC,MSK,USG,ASC,GAM
LGC,SIN,AV,HLN,INF,DW,TRI,CHF,AE,TM,X5,RGC,DFM,ASC,GAM,TTC
AE,HLN,DW,LGC,SIN,AV,TM,CHF,X5,RGC
HLN,AV,INF,LGC,TRI,CHF,SIN,DW,AE,TM
X5,TM,DW,CHF,AV,LGC,SIN,AE
RGC,AE,DW,CHF,LGC,SIN,TM,AV
NH,TM
GAL,FB,CRW,AUR,SUP,GS,DP,HWA,P3P,CLK,YC
AUR,CLK,NR1,DP,TT,HWA,BJK,SUP,CRW,FB,GAL,GS,P3P,VEG,VP,M19,VS,YC,RBE
GS,CRW,DP,HWA,FB,GAL,AUR,SUP
HWA,TT,BPI,BJK,NR1,A,ZONE,DP,OHM,CREW,AUR,SUP,CLK,CRW,GS,FB,GAL,RBE,YC
CRW,HWA,SUP,CLK,TT,AUR,BJK,DP,GS,GAL,FB,P3P,VS,M19,VEG,VP
CLK,AUR,SUP,BJK,NR1,DP,TT,HWA,CRW,P3P,FB,GAL
P3P,CLK,GAL,CRW,SUP,DP,FB,AUR
RBE,HWA,FB,YC,DP,AUR
AF,FB,WS,17A
17A,WS,FB,AF
DD,SPA,RG
OPK,CNB,g3x,PNG,RED,KBM,VFK,ITZ,BGG,KST,REM
CNB,OPK,VFK,RED,PNG,ITZ,g3x,KBM,BGG,REM,KST,ONE,TSW,PRG
VFK,g3x,CNB,KBM,ITZ,PNG,OPK,RED,BGG
RED,KBM,ITZ,CNB,OPK,g3x,PNG,VFK,BGG,REM,KST,PRG,ONE,TSW,JTH,FG,ISG,LYN
g3x,VFK,OPK,ITZ,KBM,RED,CNB,PNG
BGG,PNG,KBM,VFK,RED,ITZ,CNB,OPK
KST,PNG,REM,OPK,KBM,ITZ,CNB,RED,ONE,TSW,PRG,FG,LYN,JTH,ISG
REM,RED,KST,ITZ,OPK,CNB,KBM,PNG
TSW,PRG,PNG,KST,ONE,ITZ,CNB,RED
PRG,TSW,RED,ONE,KST,PNG,ITZ,CNB,VK
ONE,KST,ITZ,PRG,TSW,CNB,RED,PNG
VK,ITZ,PRG
JTH,LYN,INF,ZTG,PDS,IFG,GG,D9,SCW,RED,ISG,KST,FG
FG,RBT,LK,HAF,KLG,ISG,B2K,KST,RED,LYN,JTH
ISG,HAF,RBT,KLG,LK,FG,B2K,LYN,JTH,RED,KST
LYN,JTH,IFG,INF,GG,ZTG,D9,PDS,SCW,ISG,KST,FG,RED
BPI,BJK,HWA,A,ZONE,DP,TT,NR1
NR1,ZONE,BJK,DP,HWA,TT,A,BPI,OHM,CREW,AUR,SUP,CLK
A,DP,TT,BPI,BJK,HWA,NR1,ZONE,OHM,CREW
ZONE,NR1,DP,TT,BPI,BJK,HWA,A
TT,HWA,A,ZONE,DP,NR1,BPI,BJK,CREW,OHM,AUR,SUP,CLK,CRW
CREW,OHM,DP,BJK,TT,A,HWA,NR1
OHM,CREW,A,HWA,NR1,TT,DP,BJK
YC,GAL,HWA,RBE,AUR,SUP
INF,DW,HLN,AV,LGC,CHF,SIN,TRI,D9,JTH,LYN,ZTG,PDS,IFG,GG,SCW
TRI,CHF,SIN,HLN,DW,AV,LGC,INF
D9,INF,ZTG,PDS,IFG,GG,LYN,JTH,SCW
ZTG,GG,D9,JTH,INF,LYN,PDS,IFG,SCW
PDS,IFG,GG,D9,JTH,INF,ZTG,LYN,SCW
IFG,PDS,LYN,GG,D9,JTH,INF,ZTG
GG,ZTG,PDS,IFG,LYN,D9,JTH,INF,SCW
SCW,PDS,INF,GG,ZTG,D9,LYN,JTH
RPG,DFM,CRJ,BE,7h,USG,RJ,SZ,BC,DW,GAM
DFM,RPG,7h,USG,BE,CRJ,SZ,RJ,BC,LGC,ASC
TTC,ORD,LGC
MSK,USG,SIN
USG,7h,BE,DFM,CRJ,RPG,RJ,SZ,BC,MSK,SIN
BMR,AV,ORD
HAF,ISG,KLG,FG,RBT,LK,B2K,UC
RBT,FG,ISG,LK,HAF,KLG,B2K,LGT
KLG,LK,HAF,ISG,FG,RBT,B2K
LK,KLG,FG,RBT,ISG,HAF,B2K
B2K,HAF,LK,ISG,KLG,RBT,FG
UC,DH,HAF
LGT,RBT,DH
7h,USG,DFM,CRJ,RPG,BE,SZ,RJ,BC
CRJ,BE,RPG,7h,USG,DFM
BE,CRJ,USG,RPG,DFM,7h
SZ,RJ,7h,RPG,DFM,USG
RJ,SZ,RPG,USG,7h,DFM,BC
BC,RPG,7h,USG,DFM,RJ
ORD,TTC,BMR
GRX,AFR,MAD
COW,MKZ,CA
ZEN,F5
CLB,F5
MKZ,COW
FIS,PRO
CF,MC
TRC,FAC
SPA,DD
DH,UC,LGT
